open_timestamp_utc,close_timestamp_utc,open,high,low,close,volume
1499990400,1500076799,0.08000000,0.09103300,0.08000000,0.09099300,1942.05700000
1500076800,1500163199,0.09099300,0.09369900,0.08712700,0.08763500,4013.06600000
1500163200,1500249599,0.08750800,0.08763500,0.07559100,0.08224100,8904.15800000
1500249600,1500335999,0.08236800,0.08839400,0.08169900,0.08753700,6650.93300000
1500336000,1500422399,0.08783100,0.10906800,0.08477700,0.10773200,7245.74100000
1500422400,1500508799,0.10773200,0.10873200,0.08429000,0.08685300,7384.97600000
1500508800,1500595199,0.08714400,0.09525200,0.07498200,0.08050900,6395.16000000
1500595200,1500681599,0.08038300,0.08751100,0.07963500,0.08158100,7434.38900000
1500681600,1500767999,0.08158600,0.08473300,0.07985600,0.08247400,7979.89900000
1500768000,1500854399,0.08231200,0.08456000,0.08141700,0.08353300,6340.79900000
1500854400,1500940799,0.08343800,0.08397300,0.08226500,0.08316100,7380.24400000
1500940800,1501027199,0.08314900,0.08314900,0.07548200,0.07965400,7845.03200000
1501027200,1501113599,0.07967600,0.08117200,0.07761000,0.07989200,7496.73800000
1501113600,1501199999,0.07981500,0.08186700,0.07705900,0.07744900,8311.20600000
1501200000,1501286399,0.07705900,0.07785900,0.06682700,0.06880200,11013.82400000
1501286400,1501372799,0.06879700,0.07681400,0.06433500,0.07577300,14305.36900000
1501372800,1501459199,0.07600900,0.07668400,0.06987600,0.07010900,12989.76500000
1501459200,1501545599,0.07040600,0.07334100,0.06759000,0.07248400,12029.45000000
1501545600,1501631999,0.07245900,0.08526000,0.07237000,0.08356800,13623.22700000
1501632000,1501718399,0.08356800,0.08496700,0.07963000,0.08016000,13678.63000000
1501718400,1501804799,0.08016800,0.08379500,0.07827700,0.07896500,11389.11600000
1501804800,1501891199,0.07896500,0.08071000,0.07633200,0.07647500,12523.98500000
1501891200,1501977599,0.07656300,0.07932200,0.07132500,0.07916000,12348.25500000
1501977600,1502063999,0.07916000,0.08315100,0.07851000,0.08102900,13069.28400000
1502064000,1502150399,0.08102900,0.08247500,0.07954700,0.08117100,13667.77500000
1502150400,1502236799,0.08117100,0.08744400,0.07800000,0.08529600,14885.59200000
1502236800,1502323199,0.08533100,0.09357800,0.08037200,0.08315900,15503.61300000
1502323200,1502409599,0.08330300,0.09092000,0.08248900,0.08446600,16483.65500000
1502409600,1502495999,0.08461300,0.08717800,0.08316700,0.08494100,18017.65500000
1502496000,1502582399,0.08495000,0.08760100,0.08001000,0.08016300,15210.94600000
1502582400,1502668799,0.08018200,0.08045900,0.06800700,0.07382400,20955.91500000
1502668800,1502755199,0.07385000,0.07991100,0.06853500,0.07089900,28508.69000000
1502755200,1502841599,0.07089900,0.07520000,0.06616100,0.06939500,28889.16500000
1502841600,1502927999,0.06939500,0.07666900,0.06831000,0.06974300,22035.26900000
1502928000,1503014399,0.06973500,0.07225400,0.06807700,0.07047900,24002.43100000
1503014400,1503100799,0.07047900,0.07300500,0.06956500,0.07143300,29861.75600000
1503100800,1503187199,0.07118700,0.07374100,0.06992500,0.07003600,19918.66500000
1503187200,1503273599,0.07034700,0.07300000,0.06900000,0.07219800,22530.29400000
1503273600,1503359999,0.07219800,0.08865800,0.07150900,0.08052000,48283.41600000
1503360000,1503446399,0.08068800,0.08450000,0.07001000,0.07682500,42660.05000000
1503446400,1503532799,0.07679400,0.07968900,0.07416400,0.07706000,41661.39200000
1503532800,1503619199,0.07706000,0.07864900,0.07456700,0.07533900,44430.69200000
1503619200,1503705599,0.07530200,0.07790000,0.07474200,0.07658700,35690.37700000
1503705600,1503791999,0.07659300,0.07870800,0.07526900,0.07664700,31475.75200000
1503792000,1503878399,0.07664700,0.08260000,0.07537700,0.08043600,36949.12700000
1503878400,1503964799,0.08064900,0.08188400,0.07850100,0.07963200,28745.66800000
1503964800,1504051199,0.07963200,0.08440200,0.07903700,0.08155100,32574.22100000
1504051200,1504137599,0.08155100,0.08508500,0.08077600,0.08420000,30766.05900000
1504137600,1504223999,0.08403200,0.08419800,0.08159800,0.08196700,26520.59800000
1504224000,1504310399,0.08196700,0.08440800,0.08001500,0.08084900,28097.57200000
1504310400,1504396799,0.08084900,0.08274000,0.07386100,0.07639600,32502.56600000
1504396800,1504483199,0.07639600,0.07886000,0.07374000,0.07593800,42102.84200000
1504483200,1504569599,0.07603100,0.07607100,0.06500000,0.07032000,50413.57100000
1504569600,1504655999,0.07027600,0.07215400,0.06565500,0.07178800,41673.10700000
1504656000,1504742399,0.07178800,0.07387100,0.07095400,0.07282100,34711.43600000
1504742400,1504828799,0.07282100,0.07299000,0.06500000,0.07160000,16057.51800000
1504828800,1504915199,0.07160000,0.07251000,0.06555000,0.07024600,22241.96300000
1504915200,1505001599,0.07024600,0.07167800,0.06803300,0.07015100,8597.58500000
1505001600,1505087999,0.07010000,0.07110000,0.06818100,0.07012700,7873.98500000
1505088000,1505174399,0.07059900,0.07199800,0.06875500,0.07063000,7460.72200000
1505174400,1505260799,0.07060000,0.07278400,0.06800000,0.07060000,14505.75300000
1505260800,1505347199,0.07076300,0.07149800,0.06735600,0.07146800,7572.94800000
1505347200,1505433599,0.07139800,0.07150900,0.06710100,0.06876500,11387.59600000
1505433600,1505519999,0.06804700,0.07100000,0.06500000,0.06951200,10770.27800000
1505520000,1505606399,0.06951900,0.07003600,0.06673900,0.06831500,8247.26300000
1505606400,1505692799,0.06837200,0.07048800,0.06723400,0.06984800,4193.77800000
1505692800,1505779199,0.06984800,0.07591300,0.06961500,0.07310000,5846.33200000
1505779200,1505865599,0.07304500,0.07352300,0.07180000,0.07252500,8900.48500000
1505865600,1505951999,0.07245400,0.07340000,0.07180000,0.07334500,16794.26200000
1505952000,1506038399,0.07334500,0.07379900,0.07056500,0.07141000,24583.89900000
1506038400,1506124799,0.07141000,0.07296400,0.07100000,0.07296400,24350.63500000
1506124800,1506211199,0.07287400,0.07569400,0.07196400,0.07555700,23028.20000000
1506211200,1506297599,0.07555600,0.07799800,0.07539800,0.07712300,28776.60600000
1506297600,1506383999,0.07718400,0.07730000,0.07452700,0.07517400,34549.32100000
1506384000,1506470399,0.07517300,0.07595000,0.07339200,0.07449100,35669.83100000
1506470400,1506556799,0.07449200,0.07473100,0.07197700,0.07344500,44263.08100000
1506556800,1506643199,0.07346500,0.07370000,0.07150900,0.07250900,52476.40200000
1506643200,1506729599,0.07250700,0.07259000,0.06901500,0.07091000,40578.60100000
1506729600,1506815999,0.07087800,0.07330000,0.06940100,0.07006200,37140.80600000
1506816000,1506902399,0.07018100,0.07148400,0.06810900,0.06910500,38693.37700000
1506902400,1506988799,0.06910400,0.06929900,0.06650000,0.06865800,40647.55500000
1506988800,1507075199,0.06829000,0.06902000,0.06680800,0.06801600,37219.45700000
1507075200,1507161599,0.06775000,0.07063300,0.06747700,0.06924900,34536.24700000
1507161600,1507247999,0.06914700,0.07022300,0.06766600,0.06850900,27871.84900000
1507248000,1507334399,0.06850900,0.07106200,0.06797600,0.07098600,31667.56400000
1507334400,1507420799,0.07077900,0.07223900,0.06973300,0.07036500,28812.37000000
1507420800,1507507199,0.07026200,0.07062000,0.06655400,0.06705300,35998.51600000
1507507200,1507593599,0.06696400,0.06745700,0.05851600,0.06215000,46465.45000000
1507593600,1507679999,0.06231600,0.06650100,0.05996300,0.06303800,44208.70400000
1507680000,1507766399,0.06304700,0.06411700,0.06165100,0.06306500,30902.73400000
1507766400,1507852799,0.06306400,0.06350000,0.05574800,0.05576300,39216.60000000
1507852800,1507939199,0.05576300,0.06249600,0.05108400,0.06001700,58977.00600000
1507939200,1508025599,0.06001900,0.06210000,0.05743100,0.05867900,26992.22200000
1508025600,1508111999,0.05867900,0.06099900,0.05741300,0.05928100,28566.59600000
1508112000,1508198399,0.05910700,0.06216600,0.05772100,0.05829400,33150.29700000
1508198400,1508284799,0.05802600,0.06034800,0.05583800,0.05661200,24987.90000000
1508284800,1508371199,0.05661200,0.05734100,0.05539800,0.05616100,27764.70500000
1508371200,1508457599,0.05629900,0.05652700,0.05320000,0.05388600,26329.59400000
1508457600,1508543999,0.05388600,0.05449900,0.04954700,0.05051100,33404.44500000
1508544000,1508630399,0.05050300,0.05122500,0.04705000,0.04995400,29712.01700000
1508630400,1508716799,0.04995400,0.05160000,0.04890400,0.04897300,24111.20500000
1508716800,1508803199,0.04933600,0.04937500,0.04717700,0.04783900,33580.72400000
1508803200,1508889599,0.04785200,0.05600000,0.04718400,0.05370900,43723.84500000
1508889600,1508975999,0.05371200,0.05415400,0.05157200,0.05179400,26376.61800000
1508976000,1509062399,0.05179400,0.05239500,0.04950900,0.05008900,23839.18200000
1509062400,1509148799,0.05031100,0.05184900,0.04950000,0.05131900,24822.76000000
1509148800,1509235199,0.05132200,0.05185900,0.05045100,0.05115400,22713.12300000
1509235200,1509321599,0.05119900,0.05396500,0.04844800,0.04965000,32926.86700000
1509321600,1509407999,0.04936400,0.05120000,0.04936400,0.04989900,28009.72100000
1509408000,1509494399,0.04997700,0.05057600,0.04681000,0.04700100,31924.01500000
1509494400,1509580799,0.04700100,0.04769000,0.04229600,0.04276600,44203.96300000
1509580800,1509667199,0.04279700,0.04317700,0.03758900,0.04028700,60117.45700000
1509667200,1509753599,0.04048800,0.04395100,0.03940100,0.04266600,48031.89400000
1509753600,1509839999,0.04266100,0.04308400,0.03975500,0.04057500,34727.41800000
1509840000,1509926399,0.04053500,0.04098100,0.03881500,0.04014700,34433.00800000
1509926400,1510012799,0.04014000,0.04350000,0.03985600,0.04264100,44094.71500000
1510012800,1510099199,0.04264300,0.04292600,0.04050000,0.04104900,41768.58300000
1510099200,1510185599,0.04113300,0.04619400,0.03850000,0.04142100,74381.69500000
1510185600,1510271999,0.04160000,0.04624900,0.04129000,0.04487100,60221.85800000
1510272000,1510358399,0.04496600,0.04669200,0.04320700,0.04554900,63603.57900000
1510358400,1510444799,0.04517900,0.05148000,0.04408800,0.04964900,66270.63300000
1510444800,1510531199,0.04957900,0.05400000,0.04520000,0.05203800,198379.99100000
1510531200,1510617599,0.05209400,0.05466100,0.04637800,0.04841700,83870.87000000
1510617600,1510703999,0.04832900,0.05249900,0.04727000,0.05109500,84058.24600000
1510704000,1510790399,0.05099000,0.05106300,0.04500000,0.04553500,63916.46500000
1510790400,1510876799,0.04553500,0.04650000,0.04100100,0.04200600,85567.96700000
1510876800,1510963199,0.04200200,0.04373800,0.04091400,0.04290200,80997.40400000
1510963200,1511049599,0.04314900,0.04499900,0.04260000,0.04462500,79642.10300000
1511049600,1511135999,0.04467200,0.04883600,0.04281800,0.04396900,94360.63100000
1511136000,1511222399,0.04396900,0.04561000,0.04367300,0.04471500,101306.07800000
1511222400,1511308799,0.04470900,0.04639400,0.04400000,0.04467300,99497.47200000
1511308800,1511395199,0.04467300,0.04676700,0.04410000,0.04635200,120872.04700000
1511395200,1511481599,0.04631700,0.05235700,0.04575000,0.05075000,154931.30900000
1511481600,1511567999,0.05084100,0.05850100,0.04785100,0.05765000,143892.12400000
1511568000,1511654399,0.05765000,0.05940100,0.05275000,0.05275000,105104.05100000
1511654400,1511740799,0.05280200,0.05290500,0.04780000,0.05070400,106260.85900000
1511740800,1511827199,0.05069700,0.05120000,0.04840900,0.04889700,103023.74600000
1511827200,1511913599,0.04889600,0.04947800,0.04614400,0.04703600,106882.32900000
1511913600,1511999999,0.04699000,0.04788700,0.04293900,0.04341400,178814.92600000
1512000000,1512086399,0.04337500,0.04460000,0.04250000,0.04365100,128643.98300000
1512086400,1512172799,0.04368400,0.04432900,0.04227500,0.04239700,83006.12100000
1512172800,1512259199,0.04239700,0.04270000,0.04160000,0.04197800,89215.30600000
1512259200,1512345599,0.04193700,0.04237100,0.04041800,0.04114100,88525.84600000
1512345600,1512431999,0.04115500,0.04131200,0.04007100,0.04018100,98930.81800000
1512432000,1512518399,0.04018200,0.04036700,0.03830800,0.03875700,144245.02100000
1512518400,1512604799,0.03871700,0.03885900,0.02940600,0.03039600,197234.69300000
1512604800,1512691199,0.03039600,0.03205900,0.02425100,0.02456500,189629.16500000
1512691200,1512777599,0.02456200,0.03200000,0.02312100,0.02785500,182157.58800000
1512777600,1512863999,0.02786300,0.03490000,0.02725400,0.03131100,172054.66100000
1512864000,1512950399,0.03131700,0.03289600,0.02788700,0.02869200,147319.08300000
1512950400,1513036799,0.02869200,0.03120000,0.02674600,0.03070000,161365.03500000
1513036800,1513123199,0.03070100,0.04000000,0.02977300,0.03800000,343528.14500000
1513123200,1513209599,0.03800000,0.04424500,0.03605200,0.04281000,245846.14200000
1513209600,1513295999,0.04281100,0.04650000,0.03960000,0.04154900,313120.51700000
1513296000,1513382399,0.04155000,0.04166000,0.03350100,0.03857900,242164.91300000
1513382400,1513468799,0.03857900,0.04089800,0.03480000,0.03556100,231007.09200000
1513468800,1513555199,0.03556000,0.03860500,0.03553200,0.03744800,243293.26300000
1513555200,1513641599,0.03734300,0.04311200,0.03699500,0.04156900,317888.67200000
1513641600,1513727999,0.04153000,0.04700000,0.04095700,0.04621200,317638.75800000
1513728000,1513814399,0.04622900,0.04900000,0.04400000,0.04826800,313914.69000000
1513814400,1513900799,0.04826600,0.05170000,0.04760100,0.05063000,330898.37300000
1513900800,1513987199,0.05058000,0.05149100,0.04534000,0.04760600,369569.07700000
1513987200,1514073599,0.04760100,0.04901900,0.04749800,0.04814000,283169.61900000
1514073600,1514159999,0.04814000,0.04924600,0.04770000,0.04879500,252967.98400000
1514160000,1514246399,0.04876500,0.05499900,0.04870000,0.05215300,272863.30100000
1514246400,1514332799,0.05205900,0.05380000,0.04628200,0.04780500,271857.64200000
1514332800,1514419199,0.04780600,0.04900000,0.04630000,0.04780400,231755.63600000
1514419200,1514505599,0.04780400,0.05170000,0.04758400,0.04985300,257969.98600000
1514505600,1514591999,0.04988300,0.05200000,0.04950000,0.05102000,299450.24900000
1514592000,1514678399,0.05102100,0.05530100,0.05000000,0.05512700,382154.48600000
1514678400,1514764799,0.05506000,0.05544900,0.05230900,0.05358600,318642.66300000
1514764800,1514851199,0.05358600,0.05720000,0.05340100,0.05636700,312440.75700000
1514851200,1514937599,0.05636800,0.06626500,0.05104000,0.05826100,492006.75900000
1514937600,1515023999,0.05830000,0.06421000,0.05644900,0.06260000,469486.61700000
1515024000,1515110399,0.06260000,0.07000000,0.06012500,0.06223600,595991.61300000
1515110400,1515196799,0.06244900,0.06975800,0.05400000,0.05658400,710527.22100000
1515196800,1515283199,0.05657900,0.06300000,0.05554900,0.05881700,511471.69700000
1515283200,1515369599,0.05881700,0.06981100,0.05868900,0.06931300,471299.84900000
1515369600,1515455999,0.06932300,0.07948000,0.06900200,0.07601500,540080.19400000
1515456000,1515542399,0.07601500,0.09300000,0.07595600,0.08965000,466451.40900000
1515542400,1515628799,0.08965900,0.10100400,0.08282000,0.08388400,494668.02100000
1515628800,1515715199,0.08388100,0.09221600,0.08298700,0.08597000,374525.35500000
1515715200,1515801599,0.08597000,0.09201600,0.08500000,0.09132000,193626.31100000
1515801600,1515887999,0.09132000,0.10051000,0.08985000,0.09761700,343789.56400000
1515888000,1515974399,0.09769300,0.10000000,0.09555000,0.09986000,240883.29800000
1515974400,1516060799,0.09986000,0.10121900,0.08950000,0.09412000,257713.86500000
1516060800,1516147199,0.09410000,0.09575800,0.08100000,0.09185500,343244.93500000
1516147200,1516233599,0.09184200,0.09378000,0.08346100,0.09121900,373774.58100000
1516233600,1516319999,0.09121800,0.09300000,0.08793800,0.09061700,320324.08200000
1516320000,1516406399,0.09061700,0.09300000,0.09000000,0.09008400,230596.47200000
1516406400,1516492799,0.09000000,0.09125900,0.08790000,0.09017000,210464.87000000
1516492800,1516579199,0.09015800,0.09260000,0.08920000,0.09100100,174311.95900000
1516579200,1516665599,0.09100100,0.09299000,0.09052000,0.09218700,200912.51500000
1516665600,1516751999,0.09227600,0.09279500,0.08928000,0.09093800,196525.72800000
1516752000,1516838399,0.09093800,0.09423000,0.09033800,0.09340600,208910.96200000
1516838400,1516924799,0.09349900,0.09542100,0.09300000,0.09429200,126213.64700000
1516924800,1517011199,0.09426800,0.09693300,0.09266000,0.09482800,173629.03600000
1517011200,1517097599,0.09476300,0.09800000,0.09450000,0.09734200,133169.03900000
1517097600,1517183999,0.09743300,0.10563900,0.09710500,0.10524400,180711.07800000
1517184000,1517270399,0.10524400,0.10598000,0.10330000,0.10454000,129263.33000000
1517270400,1517356799,0.10463200,0.10800000,0.10310200,0.10608100,130548.12400000
1517356800,1517443199,0.10605800,0.11087900,0.10555200,0.10945100,99941.48600000
1517443200,1517529599,0.10945100,0.12379900,0.10934300,0.11318500,234038.20400000
1517529600,1517615999,0.11307500,0.11500000,0.09688000,0.10390000,250334.44200000
1517616000,1517702399,0.10397600,0.10750000,0.10300000,0.10551600,118577.42900000
1517702400,1517788799,0.10551600,0.10600000,0.09875300,0.10087000,122975.36500000
1517788800,1517875199,0.10086900,0.10367200,0.09563200,0.10080900,171027.10700000
1517875200,1517961599,0.10078700,0.10231300,0.09443100,0.10189600,222283.82400000
1517961600,1518047999,0.10177000,0.10257100,0.09904500,0.09935900,106109.23100000
1518048000,1518134399,0.09931100,0.10067900,0.09885000,0.10029800,3008.81000000
1518134400,1518220799,0.10013000,0.10155100,0.09912900,0.10103300,72149.94700000
1518220800,1518307199,0.10102900,0.10114600,0.09920300,0.09968200,147532.97500000
1518307200,1518393599,0.09971000,0.10100000,0.09930000,0.10036000,126261.13900000
1518393600,1518479999,0.10039300,0.10055000,0.09700000,0.09736700,117166.98700000
1518480000,1518566399,0.09736100,0.09880000,0.09691200,0.09854600,110413.96200000
1518566400,1518652799,0.09855800,0.09870100,0.09600000,0.09725300,136922.65900000
1518652800,1518739199,0.09722600,0.09738900,0.09110100,0.09239900,155011.09100000
1518739200,1518825599,0.09234700,0.09450000,0.09134000,0.09236000,126099.46600000
1518825600,1518911999,0.09239200,0.09302000,0.08766200,0.08781700,122365.31700000
1518912000,1518998399,0.08784000,0.08939000,0.08613100,0.08769900,128436.85900000
1518998400,1519084799,0.08773000,0.08860000,0.08339600,0.08415700,105092.83400000
1519084800,1519171199,0.08415700,0.08426500,0.07082800,0.07882000,122620.97700000
1519171200,1519257599,0.07882500,0.08150000,0.07810100,0.08011800,116652.85300000
1519257600,1519343999,0.08013100,0.08186000,0.07953000,0.08164300,89132.64500000
1519344000,1519430399,0.08166900,0.08633800,0.08158700,0.08412600,119515.22700000
1519430400,1519516799,0.08412600,0.08660000,0.08100100,0.08604000,74689.81400000
1519516800,1519603199,0.08598700,0.08860000,0.08588800,0.08786100,75442.26800000
1519603200,1519689599,0.08778600,0.08980000,0.08350000,0.08405700,116583.41200000
1519689600,1519775999,0.08412200,0.08589000,0.08167500,0.08233500,106621.57500000
1519776000,1519862399,0.08223100,0.08777700,0.08000000,0.08260500,115440.24400000
1519862400,1519948799,0.08267400,0.08299900,0.07930000,0.07971900,100437.22400000
1519948800,1520035199,0.07971900,0.07996600,0.07612000,0.07751400,98530.76800000
1520035200,1520121599,0.07755300,0.07782400,0.07450000,0.07472800,96773.17700000
1520121600,1520207999,0.07472800,0.07757000,0.07460000,0.07528000,73555.51100000
1520208000,1520294399,0.07527900,0.07564700,0.07252500,0.07387000,83623.98100000
1520294400,1520380799,0.07387000,0.07699900,0.07381100,0.07598600,91742.19900000
1520380800,1520467199,0.07598600,0.07648000,0.07246900,0.07570000,127108.49300000
1520467200,1520553599,0.07577600,0.07709800,0.07450200,0.07501200,102259.47800000
1520553600,1520639999,0.07501400,0.07885600,0.07450000,0.07847700,119032.42800000
1520640000,1520726399,0.07847700,0.07975700,0.07720000,0.07760000,63323.38000000
1520726400,1520812799,0.07765900,0.07955500,0.07489200,0.07575300,64978.43400000
1520812800,1520899199,0.07567200,0.07696600,0.07432100,0.07644900,78594.87200000
1520899200,1520985599,0.07644600,0.07718600,0.07484600,0.07536400,96071.93000000
1520985600,1521071999,0.07536400,0.07642000,0.07335600,0.07449100,104892.31500000
1521072000,1521158399,0.07449100,0.07547900,0.07300000,0.07386600,116230.72600000
1521158400,1521244799,0.07386600,0.07458900,0.07174200,0.07248000,102488.57700000
1521244800,1521331199,0.07240900,0.07355600,0.06966300,0.06990700,83785.69000000
1521331200,1521417599,0.06991900,0.06999700,0.06180000,0.06564100,169228.12200000
1521417600,1521503999,0.06564300,0.06673000,0.06310500,0.06472500,135417.99400000
1521504000,1521590399,0.06469100,0.06493300,0.06191600,0.06260000,129684.40200000
1521590400,1521676799,0.06259900,0.06488700,0.06000000,0.06302000,141417.03500000
1521676800,1521763199,0.06295000,0.06369500,0.06100000,0.06194900,115083.36000000
1521763200,1521849599,0.06194900,0.06300000,0.06006400,0.06102500,155855.58800000
1521849600,1521935999,0.06102700,0.06139900,0.06010300,0.06095000,139742.75400000
1521936000,1522022399,0.06100400,0.06235500,0.06053100,0.06188500,114629.82700000
1522022400,1522108799,0.06188500,0.06223900,0.05924500,0.05971700,158118.00900000
1522108800,1522195199,0.05966400,0.06006800,0.05656400,0.05751400,158615.10100000
1522195200,1522281599,0.05751300,0.05796100,0.05600300,0.05612700,136333.95000000
1522281600,1522367999,0.05615700,0.05652100,0.05399800,0.05405600,188208.26900000
1522368000,1522454399,0.05405600,0.05755300,0.05405600,0.05741600,180794.30500000
1522454400,1522540799,0.05741700,0.05895500,0.05638600,0.05685900,123898.88000000
1522540800,1522627199,0.05686000,0.05703400,0.05510000,0.05554600,105613.34600000
1522627200,1522713599,0.05554500,0.05590000,0.05429000,0.05454600,112104.72300000
1522713600,1522799999,0.05450200,0.05612100,0.05381000,0.05603000,136273.01300000
1522800000,1522886399,0.05598700,0.05615300,0.05367200,0.05566100,138939.68600000
1522886400,1522972799,0.05566100,0.05642000,0.05538400,0.05630600,144766.60900000
1522972800,1523059199,0.05629000,0.05641100,0.05535400,0.05591900,93952.55000000
1523059200,1523145599,0.05586200,0.05620000,0.05510000,0.05580800,102662.47600000
1523145600,1523231999,0.05581000,0.05726100,0.05550000,0.05709000,99750.96800000
1523232000,1523318399,0.05709000,0.06006900,0.05699100,0.05886500,146710.20100000
1523318400,1523404799,0.05886700,0.06080000,0.05840000,0.06072900,133299.65500000
1523404800,1523491199,0.06078500,0.06209600,0.06024000,0.06191900,153230.66200000
1523491200,1523577599,0.06191900,0.06305000,0.05928800,0.06238500,222972.33700000
1523577600,1523663999,0.06245500,0.06468600,0.06180200,0.06263900,194683.66500000
1523664000,1523750399,0.06264000,0.06355500,0.06163600,0.06285300,89889.13400000
1523750400,1523836799,0.06279100,0.06396800,0.06226100,0.06388900,84977.72700000
1523836800,1523923199,0.06395700,0.06408700,0.06290100,0.06352600,106019.23800000
1523923200,1524009599,0.06346000,0.06470000,0.06287400,0.06368000,150612.95700000
1524009600,1524095999,0.06368200,0.06448300,0.06326100,0.06442800,123125.21300000
1524096000,1524182399,0.06442700,0.06888800,0.06394000,0.06867000,166176.24700000
1524182400,1524268799,0.06866900,0.07127700,0.06749000,0.06965600,179540.77800000
1524268800,1524355199,0.06958100,0.06978400,0.06532800,0.06790800,146061.99900000
1524355200,1524441599,0.06783600,0.07266500,0.06561800,0.07065200,147845.85500000
1524441600,1524527999,0.07065200,0.07266500,0.07054000,0.07205400,125512.20300000
1524528000,1524614399,0.07205400,0.07575900,0.07165200,0.07288400,171553.06300000
1524614400,1524700799,0.07289100,0.07297200,0.06668800,0.06957500,221923.26800000
1524700800,1524787199,0.06957800,0.07200000,0.06885100,0.07135100,156534.54400000
1524787200,1524873599,0.07140000,0.07355700,0.07067900,0.07208100,135904.82700000
1524873600,1524959999,0.07214300,0.07386500,0.07199200,0.07316700,129817.20700000
1524960000,1525046399,0.07316900,0.07360100,0.07229900,0.07331600,146843.94900000
1525046400,1525132799,0.07331600,0.07511800,0.07212000,0.07253600,162921.55400000
1525132800,1525219199,0.07253600,0.07462800,0.07049200,0.07410000,149553.89300000
1525219200,1525305599,0.07410000,0.07522000,0.07388400,0.07445900,131992.84300000
1525305600,1525391999,0.07445900,0.08099700,0.07436900,0.07995800,261509.49100000
1525392000,1525478399,0.08000000,0.08318900,0.07906500,0.08086000,199115.12700000
1525478400,1525564799,0.08095700,0.08333000,0.08068400,0.08308100,134390.57500000
1525564800,1525651199,0.08316000,0.08466900,0.08000000,0.08220000,131743.96300000
1525651200,1525737599,0.08220000,0.08270000,0.07595000,0.08040000,204147.61900000
1525737600,1525823999,0.08045400,0.08214500,0.07905000,0.08162800,153036.75400000
1525824000,1525910399,0.08154300,0.08176000,0.07915000,0.08074700,147032.64500000
1525910400,1525996799,0.08074700,0.08210000,0.08016100,0.08019900,149418.73300000
1525996800,1526083199,0.08023100,0.08225000,0.07830000,0.08056500,175367.97300000
1526083200,1526169599,0.08056500,0.08120000,0.07751900,0.08076800,140098.37800000
1526169600,1526255999,0.08084800,0.08543300,0.07999400,0.08400400,133165.62300000
1526256000,1526342399,0.08400400,0.08480000,0.08250000,0.08399500,140875.67400000
1526342400,1526428799,0.08399500,0.08495800,0.08240900,0.08325500,119657.83900000
1526428800,1526515199,0.08331700,0.08473100,0.08244700,0.08469900,107701.02500000
1526515200,1526601599,0.08469900,0.08540000,0.08270000,0.08296800,93411.68400000
1526601600,1526687999,0.08296700,0.08435000,0.08270000,0.08409100,104327.59400000
1526688000,1526774399,0.08417700,0.08574300,0.08325300,0.08468200,87917.70200000
1526774400,1526860799,0.08468000,0.08590100,0.08384800,0.08391700,88347.75700000
1526860800,1526947199,0.08391700,0.08438600,0.08240900,0.08314200,87568.36500000
1526947200,1527033599,0.08314200,0.08400000,0.08002100,0.08042200,115585.02900000
1527033600,1527119999,0.08042200,0.08107000,0.07576500,0.07704600,162034.83200000
1527120000,1527206399,0.07696300,0.07950000,0.07530000,0.07940400,137941.34400000
1527206400,1527292799,0.07945700,0.08091400,0.07731800,0.07851400,124820.20700000
1527292800,1527379199,0.07858600,0.08026100,0.07782000,0.07995900,90706.92400000
1527379200,1527465599,0.07992000,0.08038800,0.07658000,0.07771400,97781.70200000
1527465600,1527551999,0.07776800,0.07790000,0.07150000,0.07214000,145016.96600000
1527552000,1527638399,0.07207800,0.07649200,0.07206900,0.07593500,128010.58400000
1527638400,1527724799,0.07587900,0.07750000,0.07419500,0.07558700,123347.70100000
1527724800,1527811199,0.07557800,0.07744000,0.07528100,0.07721800,118055.09400000
1527811200,1527897599,0.07721800,0.07775000,0.07591700,0.07698000,122731.66100000
1527897600,1527983999,0.07698000,0.07812100,0.07651000,0.07735000,113457.71400000
1527984000,1528070399,0.07737500,0.08085700,0.07735000,0.08023400,109639.47600000
1528070400,1528156799,0.08029900,0.08079900,0.07773500,0.07892500,120832.45400000
1528156800,1528243199,0.07900100,0.08050000,0.07769500,0.07989800,120506.52000000
1528243200,1528329599,0.07989800,0.08010000,0.07900100,0.07923500,109281.53500000
1528329600,1528415999,0.07923200,0.07970000,0.07823000,0.07869800,107771.15100000
1528416000,1528502399,0.07869600,0.07928900,0.07799100,0.07875100,99569.81700000
1528502400,1528588799,0.07877100,0.07950000,0.07770000,0.07910800,84598.59900000
1528588800,1528675199,0.07910800,0.07950000,0.07550000,0.07754000,129509.83600000
1528675200,1528761599,0.07748200,0.07895000,0.07500000,0.07729700,111567.05500000
1528761600,1528847999,0.07729800,0.07839900,0.07440900,0.07556400,124559.80900000
1528848000,1528934399,0.07556400,0.07639000,0.07225000,0.07558000,133361.93200000
1528934400,1529020799,0.07558000,0.07909600,0.07270500,0.07826700,150760.02300000
1529020800,1529107199,0.07828100,0.07845600,0.07463100,0.07634800,112289.93000000
1529107200,1529193599,0.07634900,0.07750000,0.07588000,0.07659300,76768.23700000
1529193600,1529279999,0.07659300,0.07756700,0.07646000,0.07707200,72138.85700000
1529280000,1529366399,0.07706000,0.07768400,0.07635000,0.07718500,86016.67500000
1529366400,1529452799,0.07718400,0.08017300,0.07692500,0.07981100,101295.71500000
1529452800,1529539199,0.07985400,0.07992700,0.07847600,0.07935300,90643.09900000
1529539200,1529625599,0.07936100,0.08039400,0.07785300,0.07833400,102010.73300000
1529625600,1529711999,0.07833400,0.07837500,0.07507800,0.07641900,122205.14500000
1529712000,1529798399,0.07646900,0.07751500,0.07563600,0.07694600,83692.76800000
1529798400,1529884799,0.07694700,0.07722200,0.07270000,0.07402700,122854.45200000
1529884800,1529971199,0.07402800,0.07556300,0.07280000,0.07340100,102442.28800000
1529971200,1530057599,0.07346000,0.07368200,0.07070200,0.07082600,62548.39200000
1530057600,1530143999,0.07082600,0.07216600,0.06995600,0.07195700,102713.02900000
1530144000,1530230399,0.07194000,0.07218900,0.07065200,0.07183200,94656.26000000
1530230400,1530316799,0.07183200,0.07208400,0.06910000,0.07011200,113758.35700000
1530316800,1530403199,0.07011100,0.07171000,0.06993500,0.07105800,116930.88500000
1530403200,1530489599,0.07105800,0.07153600,0.07056200,0.07115200,89236.20900000
1530489600,1530575999,0.07119900,0.07246900,0.07061200,0.07198900,117288.42600000
1530576000,1530662399,0.07193900,0.07288900,0.07062900,0.07087300,139666.67500000
1530662400,1530748799,0.07093900,0.07208500,0.07057700,0.07092300,77794.84400000
1530748800,1530835199,0.07098900,0.07190000,0.07069800,0.07161400,120942.17500000
1530835200,1530921599,0.07165200,0.07193900,0.07000800,0.07119200,116303.53200000
1530921600,1531007999,0.07118800,0.07190000,0.07014500,0.07189700,81076.29400000
1531008000,1531094399,0.07189600,0.07310400,0.07164900,0.07253400,77262.72100000
1531094400,1531180799,0.07255500,0.07279600,0.07057900,0.07079500,90561.61300000
1531180800,1531267199,0.07079500,0.07088200,0.06753000,0.06864800,123345.35900000
1531267200,1531353599,0.06865000,0.06994600,0.06755800,0.06974700,89644.93300000
1531353600,1531439999,0.06974700,0.07025800,0.06854000,0.06900400,83226.58100000
1531440000,1531526399,0.06903000,0.07052000,0.06879100,0.06953400,83426.80100000
1531526400,1531612799,0.06953400,0.07002300,0.06915000,0.06932100,67626.21600000
1531612800,1531699199,0.06932100,0.07114700,0.06913500,0.07075000,64377.73700000
1531699200,1531785599,0.07075000,0.07189800,0.07015400,0.07126400,94611.48000000
1531785600,1531871999,0.07120800,0.07147700,0.06800000,0.06821700,129405.67500000
1531872000,1531958399,0.06818000,0.06869200,0.06448400,0.06496100,157902.20100000
1531958400,1532044799,0.06496200,0.06511000,0.06237200,0.06270400,121296.92100000
1532044800,1532131199,0.06275200,0.06277800,0.06037500,0.06126000,130582.77000000
1532131200,1532217599,0.06120400,0.06326600,0.06089500,0.06216800,98257.17000000
1532217600,1532303999,0.06216800,0.06284000,0.06144800,0.06185500,84620.28500000
1532304000,1532390399,0.06185500,0.06188200,0.05795500,0.05825200,123159.13500000
1532390400,1532476799,0.05827200,0.05934100,0.05651100,0.05701700,170909.47600000
1532476800,1532563199,0.05704800,0.05818000,0.05677800,0.05776500,123353.97900000
1532563200,1532649599,0.05772700,0.05885600,0.05756900,0.05830900,110329.06300000
1532649600,1532735999,0.05830900,0.05895000,0.05670300,0.05744600,98918.12200000
1532736000,1532822399,0.05744700,0.05751900,0.05668600,0.05693700,80417.05200000
1532822400,1532908799,0.05699000,0.05709700,0.05655400,0.05677700,83117.25500000
1532908800,1532995199,0.05679400,0.05707400,0.05550000,0.05586600,102153.43900000
1532995200,1533081599,0.05586200,0.05631600,0.05435600,0.05581500,118270.56600000
1533081600,1533167999,0.05581800,0.05642900,0.05446300,0.05525000,106706.64400000
1533168000,1533254399,0.05525000,0.05558900,0.05414300,0.05455000,102662.71500000
1533254400,1533340799,0.05455000,0.05650100,0.05420000,0.05633400,125645.87500000
1533340800,1533427199,0.05633500,0.05859700,0.05576700,0.05806000,120329.45600000
1533427200,1533513599,0.05806400,0.05855000,0.05766400,0.05816000,90958.49200000
1533513600,1533599999,0.05816000,0.05870000,0.05765800,0.05840000,103169.84900000
1533600000,1533686399,0.05840000,0.05865000,0.05527400,0.05627600,131323.96500000
1533686400,1533772799,0.05627600,0.05754800,0.05545400,0.05656000,135726.76200000
1533772800,1533859199,0.05656000,0.05718800,0.05541000,0.05567700,121047.69800000
1533859200,1533945599,0.05562900,0.05651300,0.05364500,0.05396800,139655.61100000
1533945600,1534031999,0.05402800,0.05416900,0.04966900,0.05099600,173695.18300000
1534032000,1534118399,0.05099400,0.05158300,0.05018900,0.05038200,119707.87900000
1534118400,1534204799,0.05038900,0.05053100,0.04500000,0.04540000,193486.23700000
1534204800,1534291199,0.04540000,0.04544500,0.04194100,0.04500800,255705.01400000
1534291200,1534377599,0.04501000,0.04636900,0.04420700,0.04483600,199063.02700000
1534377600,1534463999,0.04488000,0.04630000,0.04457500,0.04542400,143433.96900000
1534464000,1534550399,0.04542300,0.04850000,0.04525700,0.04824000,202659.14900000
1534550400,1534636799,0.04823500,0.04865900,0.04478800,0.04604400,163102.36000000
1534636800,1534723199,0.04604400,0.04748600,0.04555200,0.04620000,116655.39600000
1534723200,1534809599,0.04621800,0.04659000,0.04285300,0.04332400,162928.73800000
1534809600,1534895999,0.04327200,0.04410100,0.04184900,0.04339900,154147.97100000
1534896000,1534982399,0.04338200,0.04387600,0.04143700,0.04253300,176271.66600000
1534982400,1535068799,0.04253300,0.04323000,0.04193300,0.04229000,138717.80800000
1535068800,1535155199,0.04229000,0.04245000,0.04153700,0.04205000,168593.47100000
1535155200,1535241599,0.04202300,0.04206500,0.04106200,0.04122500,141101.74400000
1535241600,1535327999,0.04124400,0.04127000,0.04061200,0.04091200,138225.43000000
1535328000,1535414399,0.04090300,0.04176100,0.04070200,0.04167000,193291.57600000
1535414400,1535500799,0.04167000,0.04190000,0.04075300,0.04172500,193993.73100000
1535500800,1535587199,0.04174900,0.04193900,0.04085400,0.04101400,176273.38200000
1535587200,1535673599,0.04101400,0.04131900,0.03990800,0.04066200,179969.01400000
1535673600,1535759999,0.04066200,0.04100000,0.03638800,0.04013900,190581.69800000
1535760000,1535846399,0.04014000,0.04170500,0.04012000,0.04104800,174869.27000000
1535846400,1535932799,0.04105000,0.04141600,0.04001200,0.04048900,156883.80100000
1535932800,1536019199,0.04047700,0.04051800,0.03953700,0.03979900,178750.54400000
1536019200,1536105599,0.03979900,0.03995000,0.03851000,0.03876100,187477.69000000
1536105600,1536191999,0.03877500,0.03892800,0.03392000,0.03410600,344168.05000000
1536192000,1536278399,0.03409800,0.03586100,0.03334100,0.03527800,355106.32000000
1536278400,1536364799,0.03527800,0.03589900,0.03351300,0.03363200,266276.77900000
1536364800,1536451199,0.03363200,0.03683000,0.03095600,0.03183400,271781.06300000
1536451200,1536537599,0.03183400,0.03249000,0.03012400,0.03136200,307184.38700000
1536537600,1536623999,0.03136200,0.03211100,0.02995600,0.03122000,289604.69200000
1536624000,1536710399,0.03122800,0.03143600,0.02847300,0.02943500,306767.51800000
1536710400,1536796799,0.02942200,0.02943300,0.02688200,0.02891800,400898.73300000
1536796800,1536883199,0.02890400,0.03298900,0.02888700,0.03250400,406418.78700000
1536883200,1536969599,0.03250400,0.03408900,0.03151000,0.03220000,344382.59200000
1536969600,1537055999,0.03224300,0.03472100,0.03210500,0.03405600,217478.04300000
1537056000,1537142399,0.03401300,0.03432100,0.03256500,0.03386200,215014.54800000
1537142400,1537228799,0.03386100,0.03443200,0.03094600,0.03138400,284983.13800000
1537228800,1537315199,0.03138400,0.03363800,0.03111900,0.03289400,247061.00400000
1537315200,1537401599,0.03289400,0.03374600,0.03224100,0.03281600,217203.21000000
1537401600,1537487999,0.03281600,0.03483600,0.03236000,0.03452200,235455.02000000
1537488000,1537574399,0.03454900,0.03720000,0.03340200,0.03665800,409984.20800000
1537574400,1537660799,0.03665700,0.03751200,0.03512300,0.03584900,222334.66100000
1537660800,1537747199,0.03584900,0.03681600,0.03540000,0.03646100,176995.87800000
1537747200,1537833599,0.03644200,0.03659700,0.03430200,0.03463100,190414.07700000
1537833600,1537919999,0.03463100,0.03467000,0.03199400,0.03406400,297526.65800000
1537920000,1538006399,0.03406500,0.03414300,0.03247900,0.03315400,234835.34000000
1538006400,1538092799,0.03315400,0.03473000,0.03264400,0.03425300,214927.27300000
1538092800,1538179199,0.03424100,0.03457300,0.03281500,0.03344500,230903.12600000
1538179200,1538265599,0.03344000,0.03599100,0.03292300,0.03507700,245968.89500000
1538265600,1538351999,0.03510600,0.03590000,0.03460000,0.03517800,184624.78400000
1538352000,1538438399,0.03517500,0.03538000,0.03449000,0.03502300,166101.34700000
1538438400,1538524799,0.03501200,0.03510200,0.03425000,0.03455600,167738.17600000
1538524800,1538611199,0.03455600,0.03463100,0.03353200,0.03390100,172215.52400000
1538611200,1538697599,0.03390100,0.03430400,0.03357000,0.03377700,161036.79900000
1538697600,1538783999,0.03377400,0.03478500,0.03346000,0.03440900,184892.63600000
1538784000,1538870399,0.03439900,0.03450000,0.03399500,0.03414400,138183.97300000
1538870400,1538956799,0.03414400,0.03432100,0.03388900,0.03422800,122929.65000000
1538956800,1539043199,0.03422300,0.03465000,0.03400300,0.03446800,173388.82000000
1539043200,1539129599,0.03448100,0.03463700,0.03421800,0.03431700,162576.74400000
1539129600,1539215999,0.03431900,0.03441400,0.03407300,0.03418500,204182.05300000
1539216000,1539302399,0.03418500,0.03428500,0.03048000,0.03063300,381280.37000000
1539302400,1539388799,0.03063300,0.03174800,0.03060600,0.03128800,241722.36300000
1539388800,1539475199,0.03129900,0.03202800,0.03125100,0.03180700,150620.77600000
1539475200,1539561599,0.03180700,0.03200700,0.03086000,0.03105900,158085.30200000
1539561600,1539647999,0.03105300,0.03343500,0.03080000,0.03173200,436303.83700000
1539648000,1539734399,0.03175700,0.03209400,0.03136000,0.03183800,232077.15000000
1539734400,1539820799,0.03183800,0.03201800,0.03140000,0.03160000,221946.11900000
1539820800,1539907199,0.03160000,0.03174900,0.03092400,0.03116300,216793.62300000
1539907200,1539993599,0.03116300,0.03148400,0.03103900,0.03138300,95286.06400000
1539993600,1540079999,0.03138700,0.03181000,0.03128500,0.03157000,95097.17900000
1540080000,1540166399,0.03157800,0.03186000,0.03140000,0.03149400,83821.50700000
1540166400,1540252799,0.03148700,0.03160300,0.03127000,0.03141300,114465.28000000
1540252800,1540339199,0.03141300,0.03155800,0.03106300,0.03141800,148898.87900000
1540339200,1540425599,0.03141800,0.03147300,0.03115000,0.03127300,131064.63600000
1540425600,1540511999,0.03127400,0.03132900,0.03104100,0.03122300,104742.39000000
1540512000,1540598399,0.03121600,0.03169600,0.03111800,0.03134600,109273.70400000
1540598400,1540684799,0.03134600,0.03148900,0.03129800,0.03142700,98752.74500000
1540684800,1540771199,0.03142300,0.03198200,0.03135000,0.03161600,103299.68800000
1540771200,1540857599,0.03161600,0.03180500,0.03083400,0.03104000,152062.91000000
1540857600,1540943999,0.03104100,0.03124000,0.03092200,0.03116400,119787.71200000
1540944000,1541030399,0.03116500,0.03134400,0.03085000,0.03119000,132035.65600000
1541030400,1541116799,0.03119000,0.03129000,0.03110000,0.03118400,115155.44500000
1541116800,1541203199,0.03118400,0.03168700,0.03110000,0.03146400,133957.91500000
1541203200,1541289599,0.03146400,0.03148500,0.03130000,0.03135300,84467.21300000
1541289600,1541375999,0.03135300,0.03357700,0.03126400,0.03270500,201761.82600000
1541376000,1541462399,0.03270500,0.03284500,0.03220000,0.03257300,143719.90100000
1541462400,1541548799,0.03256100,0.03392100,0.03240100,0.03386900,195035.06100000
1541548800,1541635199,0.03386900,0.03408400,0.03317500,0.03330800,185653.55400000
1541635200,1541721599,0.03330900,0.03356000,0.03280000,0.03285100,155000.22300000
1541721600,1541807999,0.03285100,0.03315500,0.03263000,0.03284400,114030.43900000
1541808000,1541894399,0.03285000,0.03335800,0.03280000,0.03313600,84544.24700000
1541894400,1541980799,0.03313600,0.03321800,0.03280000,0.03297600,86448.70700000
1541980800,1542067199,0.03297600,0.03313200,0.03280100,0.03299000,103848.43800000
1542067200,1542153599,0.03298700,0.03305000,0.03234900,0.03247900,124181.66500000
1542153600,1542239999,0.03248000,0.03252300,0.03003300,0.03167700,322149.20100000
1542240000,1542326399,0.03167900,0.03233200,0.03126700,0.03202600,260594.91100000
1542326400,1542412799,0.03202600,0.03219700,0.03120000,0.03129400,160277.51600000
1542412800,1542499199,0.03130200,0.03160100,0.03110000,0.03131000,134241.03300000
1542499200,1542585599,0.03131000,0.03194000,0.03126000,0.03160000,120896.79600000
1542585600,1542671999,0.03160000,0.03164200,0.02904000,0.03063600,411823.98000000
1542672000,1542758399,0.03064700,0.03094600,0.02875000,0.02931600,712970.83300000
1542758400,1542844799,0.02931900,0.03015000,0.02876100,0.02967100,353292.94700000
1542844800,1542931199,0.02965300,0.02991200,0.02889400,0.02895000,193061.67800000
1542931200,1543017599,0.02894200,0.02919900,0.02797400,0.02829100,244056.77000000
1543017600,1543103999,0.02829500,0.02937600,0.02810400,0.02921600,270075.50500000
1543104000,1543190399,0.02921500,0.02948600,0.02785500,0.02903800,404295.70700000
1543190400,1543276799,0.02903700,0.02920000,0.02828300,0.02867100,320271.26400000
1543276800,1543363199,0.02866000,0.02908800,0.02776500,0.02876100,277443.68000000
1543363200,1543449599,0.02874600,0.02909800,0.02791000,0.02880800,295828.57900000
1543449600,1543535999,0.02880000,0.02891200,0.02737100,0.02746100,274767.41100000
1543536000,1543622399,0.02746400,0.02854200,0.02730000,0.02815800,232763.90800000
1543622400,1543708799,0.02815600,0.02883400,0.02781800,0.02818000,167738.64000000
1543708800,1543795199,0.02817800,0.02834100,0.02787700,0.02802600,147257.61600000
1543795200,1543881599,0.02802600,0.02844900,0.02770000,0.02798300,174282.30900000
1543881600,1543967999,0.02798900,0.02811300,0.02770000,0.02780900,183794.32500000
1543968000,1544054399,0.02781300,0.02789600,0.02720300,0.02726600,187578.40300000
1544054400,1544140799,0.02727200,0.02733800,0.02554300,0.02597600,347300.30100000
1544140800,1544227199,0.02594800,0.02778400,0.02463000,0.02734100,530450.63400000
1544227200,1544313599,0.02734100,0.02813400,0.02550100,0.02649400,332746.82900000
1544313600,1544399999,0.02648400,0.02700000,0.02608500,0.02630000,211489.68100000
1544400000,1544486399,0.02630700,0.02645000,0.02579400,0.02617900,174339.84500000
1544486400,1544572799,0.02617600,0.02653400,0.02515700,0.02596200,170092.13200000
1544572800,1544659199,0.02595700,0.02635900,0.02582700,0.02595400,163830.14800000
1544659200,1544745599,0.02595500,0.02653600,0.02581100,0.02614800,209169.86400000
1544745600,1544831999,0.02616400,0.02630500,0.02581500,0.02600000,228967.56000000
1544832000,1544918399,0.02600100,0.02616300,0.02585300,0.02607600,154288.11500000
1544918400,1545004799,0.02608500,0.02675300,0.02607700,0.02623100,137636.49300000
1545004800,1545091199,0.02623200,0.02716100,0.02616100,0.02680100,254595.16400000
1545091200,1545177599,0.02680100,0.02758600,0.02641500,0.02749300,347066.62600000
1545177600,1545263999,0.02749300,0.02825000,0.02688100,0.02695400,430273.58100000
1545264000,1545350399,0.02695800,0.02866500,0.02675100,0.02809400,392753.55600000
1545350400,1545436799,0.02808700,0.02874700,0.02750100,0.02805900,331529.63200000
1545436800,1545523199,0.02805100,0.02940000,0.02779100,0.02916500,209087.61600000
1545523200,1545609599,0.02916200,0.03312500,0.02913300,0.03283700,455408.70500000
1545609600,1545695999,0.03284500,0.03767200,0.03274500,0.03445500,585615.65000000
1545696000,1545782399,0.03446800,0.03473200,0.03290700,0.03407000,390213.90700000
1545782400,1545868799,0.03406900,0.03534400,0.03340900,0.03424200,291513.20100000
1545868800,1545955199,0.03424500,0.03443200,0.03130200,0.03189800,281173.98500000
1545955200,1546041599,0.03189900,0.03540000,0.03150600,0.03525000,351840.05800000
1546041600,1546127999,0.03524600,0.03744100,0.03414100,0.03598400,384344.02000000
1546128000,1546214399,0.03598400,0.03653400,0.03496000,0.03623500,291989.23300000
1546214400,1546300799,0.03623400,0.03633700,0.03530000,0.03553600,205103.85400000
1546300800,1546387199,0.03553400,0.03753200,0.03531500,0.03662900,168390.91000000
1546387200,1546473599,0.03661100,0.04005000,0.03650100,0.03940400,347117.74400000
1546473600,1546559999,0.03941500,0.03994900,0.03815600,0.03884600,284859.38900000
1546560000,1546646399,0.03885400,0.04085000,0.03855100,0.04009300,304951.98000000
1546646400,1546732799,0.04010000,0.04175200,0.04009600,0.04053300,312691.91000000
1546732800,1546819199,0.04053200,0.04072100,0.03837700,0.03857000,287921.19500000
1546819200,1546905599,0.03857000,0.03879100,0.03730000,0.03758900,226585.72300000
1546905600,1546991999,0.03756000,0.03775600,0.03690000,0.03729600,226887.58100000
1546992000,1547078399,0.03729700,0.03800000,0.03713900,0.03733700,195048.83700000
1547078400,1547164799,0.03733600,0.03744500,0.03408600,0.03485300,397522.16500000
1547164800,1547251199,0.03485300,0.03532200,0.03371600,0.03462000,266180.51600000
1547251200,1547337599,0.03461900,0.03499600,0.03417700,0.03440400,158816.12700000
1547337600,1547423999,0.03440600,0.03444800,0.03236300,0.03284500,194656.59400000
1547424000,1547510399,0.03284400,0.03547600,0.03280500,0.03500500,290289.32300000
1547510400,1547596799,0.03500500,0.03555600,0.03290000,0.03350200,328919.67600000
1547596800,1547683199,0.03351400,0.03477900,0.03328400,0.03383600,277488.07100000
1547683200,1547769599,0.03383000,0.03396900,0.03307600,0.03364700,224507.59300000
1547769600,1547855999,0.03364400,0.03371600,0.03295000,0.03314800,172873.15800000
1547856000,1547942399,0.03314900,0.03376800,0.03312500,0.03344100,173766.45500000
1547942400,1548028799,0.03344100,0.03352100,0.03297500,0.03321400,201346.17200000
1548028800,1548115199,0.03321400,0.03328900,0.03241200,0.03276500,155031.83400000
1548115200,1548201599,0.03276700,0.03316000,0.03224200,0.03300400,207541.99900000
1548201600,1548287999,0.03300400,0.03311400,0.03260000,0.03277300,184231.59100000
1548288000,1548374399,0.03277300,0.03283100,0.03222200,0.03260800,252866.73100000
1548374400,1548460799,0.03260800,0.03298700,0.03225300,0.03230500,188974.53200000
1548460800,1548547199,0.03229900,0.03258000,0.03213300,0.03234100,149788.23500000
1548547200,1548633599,0.03234100,0.03242600,0.03154900,0.03156500,213301.26100000
1548633600,1548719999,0.03156200,0.03173500,0.02980500,0.03071900,341549.10200000
1548720000,1548806399,0.03071800,0.03099400,0.03022900,0.03061900,209233.87000000
1548806400,1548892799,0.03062000,0.03158600,0.03044400,0.03131100,198536.77200000
1548892800,1548979199,0.03131700,0.03176200,0.03077000,0.03099600,191497.37100000
1548979200,1549065599,0.03100600,0.03113600,0.03046000,0.03082700,152161.64600000
1549065600,1549151999,0.03082800,0.03162100,0.03076700,0.03151900,119463.93800000
1549152000,1549238399,0.03152000,0.03166800,0.03087300,0.03103500,127646.52300000
1549238400,1549324799,0.03103800,0.03138000,0.03085100,0.03107800,130147.76100000
1549324800,1549411199,0.03108200,0.03115800,0.03081300,0.03091200,143547.90100000
1549411200,1549497599,0.03091500,0.03105000,0.02986500,0.03069700,198990.79100000
1549497600,1549583999,0.03070500,0.03100700,0.03063200,0.03073800,128210.67500000
1549584000,1549670399,0.03073800,0.03303900,0.03060100,0.03257900,307492.65300000
1549670400,1549756799,0.03257800,0.03304100,0.03233500,0.03252800,173260.63500000
1549756800,1549843199,0.03252800,0.03420000,0.03202000,0.03399900,221987.81900000
1549843200,1549929599,0.03400000,0.03412300,0.03294500,0.03328300,202842.89400000
1549929600,1550015999,0.03329000,0.03395000,0.03299900,0.03371000,194257.66200000
1550016000,1550102399,0.03371100,0.03448000,0.03358600,0.03378200,183469.91600000
1550102400,1550188799,0.03377100,0.03437100,0.03350100,0.03352100,155448.01900000
1550188800,1550275199,0.03353100,0.03410900,0.03350000,0.03376400,143522.88500000
1550275200,1550361599,0.03376900,0.03423000,0.03371500,0.03392300,150569.56700000
1550361600,1550447999,0.03392200,0.03699400,0.03386200,0.03648000,351931.55900000
1550448000,1550534399,0.03647800,0.03830000,0.03625300,0.03736800,479848.66700000
1550534400,1550620799,0.03739400,0.03795000,0.03660000,0.03670900,313216.50700000
1550620800,1550707199,0.03670500,0.03763100,0.03603000,0.03740700,265931.32600000
1550707200,1550793599,0.03739700,0.03749200,0.03651200,0.03700000,183443.98000000
1550793600,1550879999,0.03700300,0.03740000,0.03662100,0.03718200,152284.96600000
1550880000,1550966399,0.03718300,0.03908200,0.03695700,0.03831200,241438.38900000
1550966400,1551052799,0.03831200,0.03985000,0.03521800,0.03530200,485286.97700000
1551052800,1551139199,0.03530100,0.03677800,0.03520000,0.03601300,362139.76800000
1551139200,1551225599,0.03600500,0.03612700,0.03527200,0.03576600,251329.36600000
1551225600,1551311999,0.03577100,0.03654000,0.03410000,0.03536600,308828.30400000
1551312000,1551398399,0.03537100,0.03600300,0.03491900,0.03548500,340636.88100000
1551398400,1551484799,0.03548000,0.03583100,0.03525900,0.03538800,183802.71300000
1551484800,1551571199,0.03538200,0.03551400,0.03428500,0.03469800,192044.39300000
1551571200,1551657599,0.03469600,0.03515900,0.03384800,0.03429300,141887.38200000
1551657600,1551743999,0.03429300,0.03432000,0.03336000,0.03382500,236375.93100000
1551744000,1551830399,0.03381500,0.03560000,0.03373100,0.03545000,278664.67700000
1551830400,1551916799,0.03544100,0.03609900,0.03499900,0.03557500,216068.01200000
1551916800,1552003199,0.03557600,0.03588400,0.03505000,0.03532000,201075.97700000
1552003200,1552089599,0.03532200,0.03544000,0.03419900,0.03455500,251344.03500000
1552089600,1552175999,0.03454500,0.03538200,0.03445600,0.03480900,269229.58000000
1552176000,1552262399,0.03480900,0.03495700,0.03438600,0.03456700,217252.54300000
1552262400,1552348799,0.03457700,0.03463900,0.03407200,0.03426700,244461.82300000
1552348800,1552435199,0.03426600,0.03484900,0.03398000,0.03441200,227315.90900000
1552435200,1552521599,0.03440400,0.03442300,0.03398000,0.03406800,225940.02200000
1552521600,1552607999,0.03406100,0.03450000,0.03350000,0.03410700,209675.59500000
1552608000,1552694399,0.03410700,0.03503000,0.03408600,0.03480400,210403.89300000
1552694400,1552780799,0.03480200,0.03575200,0.03480100,0.03517500,258855.67000000
1552780800,1552867199,0.03517500,0.03518800,0.03451900,0.03482800,180072.06500000
1552867200,1552953599,0.03482800,0.03524800,0.03439300,0.03449900,171776.60600000
1552953600,1553039999,0.03449500,0.03482400,0.03440800,0.03449400,128082.40600000
1553040000,1553126399,0.03449400,0.03453500,0.03413500,0.03439400,167147.43500000
1553126400,1553212799,0.03438500,0.03444000,0.03372000,0.03388300,197993.60800000
1553212800,1553299199,0.03387200,0.03430600,0.03377800,0.03409300,159803.20100000
1553299200,1553385599,0.03409400,0.03445200,0.03406100,0.03427000,117490.90100000
1553385600,1553471999,0.03427400,0.03430000,0.03386600,0.03408600,141789.58100000
1553472000,1553558399,0.03408900,0.03423800,0.03365300,0.03402900,218046.00600000
1553558400,1553644799,0.03403500,0.03415600,0.03380400,0.03398700,227441.95300000
1553644800,1553731199,0.03398800,0.03473400,0.03397100,0.03452100,252280.77700000
1553731200,1553817599,0.03452200,0.03458800,0.03410000,0.03423400,165385.14400000
1553817600,1553903999,0.03424000,0.03495000,0.03410800,0.03489200,223713.21400000
1553904000,1553990399,0.03489100,0.03540900,0.03450200,0.03468500,200109.86600000
1553990400,1554076799,0.03467700,0.03468700,0.03428000,0.03448200,138406.43400000
1554076800,1554163199,0.03448200,0.03461500,0.03384300,0.03408700,175769.48500000
1554163200,1554249599,0.03409100,0.03411400,0.03060300,0.03361800,564896.13100000
1554249600,1554335999,0.03362400,0.03494800,0.03141300,0.03243800,593600.64400000
1554336000,1554422399,0.03241900,0.03266600,0.03141300,0.03211800,339769.22700000
1554422400,1554508799,0.03212300,0.03336000,0.03196000,0.03294300,239391.59900000
1554508800,1554595199,0.03294300,0.03341600,0.03221300,0.03280800,210001.83200000
1554595200,1554681599,0.03280400,0.03405000,0.03246600,0.03370200,244746.82500000
1554681600,1554767999,0.03368800,0.03525900,0.03363700,0.03412900,439305.13700000
1554768000,1554854399,0.03412900,0.03446800,0.03372000,0.03390600,245537.16300000
1554854400,1554940799,0.03390600,0.03476700,0.03255300,0.03337200,286061.08100000
1554940800,1555027199,0.03337400,0.03339000,0.03213500,0.03270700,290879.87400000
1555027200,1555113599,0.03270700,0.03283900,0.03222200,0.03233900,158005.83900000
1555113600,1555199999,0.03233800,0.03254000,0.03202400,0.03230300,108507.59800000
1555200000,1555286399,0.03230300,0.03267900,0.03211700,0.03256700,100818.39500000
1555286400,1555372799,0.03257100,0.03268400,0.03112600,0.03183500,178341.43900000
1555372800,1555459199,0.03182800,0.03233000,0.03174800,0.03197000,154559.07400000
1555459200,1555545599,0.03196700,0.03202000,0.03162500,0.03185900,120242.43200000
1555545600,1555631999,0.03185900,0.03329700,0.03175700,0.03296200,167070.75700000
1555632000,1555718399,0.03296200,0.03312500,0.03241500,0.03282900,159852.32200000
1555718400,1555804799,0.03283000,0.03324800,0.03238800,0.03266600,129148.24300000
1555804800,1555891199,0.03266600,0.03273500,0.03180200,0.03206700,150111.88400000
1555891200,1555977599,0.03206700,0.03245500,0.03180700,0.03183600,143119.05100000
1555977600,1556063999,0.03183100,0.03185900,0.03066700,0.03080000,213978.35300000
1556064000,1556150399,0.03080000,0.03083300,0.02970000,0.03043800,228005.40400000
1556150400,1556236799,0.03043800,0.03050100,0.02926800,0.02964300,225812.64700000
1556236800,1556323199,0.02964200,0.02987200,0.02920600,0.02972200,213435.06200000
1556323200,1556409599,0.02972200,0.03040000,0.02958600,0.03007900,122388.10500000
1556409600,1556495999,0.03007800,0.03012000,0.02970000,0.02973000,116106.58800000
1556496000,1556582399,0.02973100,0.02986800,0.02928400,0.02961400,146434.35400000
1556582400,1556668799,0.02961100,0.03056500,0.02960400,0.03041800,185254.60600000
1556668800,1556755199,0.03041000,0.03063900,0.02963200,0.02975300,153295.21300000
1556755200,1556841599,0.02976200,0.02993600,0.02915700,0.02945500,140258.86300000
1556841600,1556927999,0.02945400,0.02961600,0.02820900,0.02911500,225306.25700000
1556928000,1557014399,0.02912400,0.02923200,0.02797100,0.02808300,186857.00800000
1557014400,1557100799,0.02808300,0.02842900,0.02787900,0.02823100,154029.16700000
1557100800,1557187199,0.02823300,0.03078600,0.02800100,0.03009700,291184.61300000
1557187200,1557273599,0.03009700,0.03140600,0.02884000,0.02891300,331552.39500000
1557273600,1557359999,0.02891700,0.02914900,0.02841200,0.02853700,151958.73800000
1557360000,1557446399,0.02853700,0.02853800,0.02718500,0.02753000,175838.50600000
1557446400,1557532799,0.02752900,0.02810600,0.02686000,0.02711800,212046.89400000
1557532800,1557619199,0.02712300,0.02878000,0.02558000,0.02687500,438291.52100000
1557619200,1557705599,0.02687500,0.02729500,0.02616300,0.02699200,273981.45700000
1557705600,1557791999,0.02699200,0.02723200,0.02464700,0.02514200,308007.76000000
1557792000,1557878399,0.02514200,0.02785000,0.02485100,0.02723900,395733.74400000
1557878400,1557964799,0.02723900,0.03063100,0.02707700,0.03037500,345192.12900000
1557964800,1558051199,0.03036900,0.03484800,0.03031900,0.03360900,813147.74600000
1558051200,1558137599,0.03360700,0.03394000,0.03154600,0.03321900,592578.69100000
1558137600,1558223999,0.03320300,0.03341700,0.03196300,0.03218400,244762.23600000
1558224000,1558310399,0.03218500,0.03243600,0.03155200,0.03181100,259657.37200000
1558310400,1558396799,0.03181200,0.03224600,0.03106600,0.03154900,263288.29500000
1558396800,1558483199,0.03155000,0.03276300,0.03153900,0.03206000,310865.68300000
1558483200,1558569599,0.03204700,0.03261300,0.03137300,0.03195300,283822.02800000
1558569600,1558655999,0.03195200,0.03213700,0.03072000,0.03116300,271228.72400000
1558656000,1558742399,0.03116300,0.03168300,0.03101600,0.03124600,214077.74700000
1558742400,1558828799,0.03123700,0.03189900,0.03105000,0.03119000,147505.59200000
1558828800,1558915199,0.03118400,0.03137400,0.03013800,0.03068800,196522.49400000
1558915200,1559001599,0.03068800,0.03141900,0.03037400,0.03091800,240658.25200000
1559001600,1559087999,0.03092800,0.03152600,0.03066900,0.03110600,204794.58700000
1559088000,1559174399,0.03110300,0.03139000,0.03077100,0.03109800,198511.76200000
1559174400,1559260799,0.03110700,0.03315300,0.02974200,0.03077600,476963.89700000
1559260800,1559347199,0.03078700,0.03135000,0.03021700,0.03131400,256406.33800000
1559347200,1559433599,0.03131400,0.03213900,0.03084000,0.03095000,206081.66300000
1559433600,1559519999,0.03095000,0.03131500,0.03068600,0.03081700,129550.31800000
1559520000,1559606399,0.03081700,0.03112200,0.03034400,0.03080000,181939.60200000
1559606400,1559692799,0.03080000,0.03158400,0.03065000,0.03139600,232693.60400000
1559692800,1559779199,0.03139700,0.03183800,0.03092700,0.03159100,172192.24300000
1559779200,1559865599,0.03158200,0.03209300,0.03126700,0.03195500,137872.64200000
1559865600,1559951999,0.03195500,0.03212700,0.03111100,0.03119600,174222.83400000
1559952000,1560038399,0.03119100,0.03134000,0.03075400,0.03081500,111279.94000000
1560038400,1560124799,0.03081500,0.03096200,0.03000000,0.03028400,138030.52100000
1560124800,1560211199,0.03028400,0.03109500,0.03020300,0.03090400,156007.20200000
1560211200,1560297599,0.03090300,0.03124000,0.03069600,0.03098800,128279.08700000
1560297600,1560383999,0.03098800,0.03224500,0.03083000,0.03214700,179283.45800000
1560384000,1560470399,0.03213100,0.03229500,0.03076400,0.03099600,201941.66400000
1560470400,1560556799,0.03100400,0.03119800,0.03022000,0.03035500,207795.80000000
1560556800,1560643199,0.03034500,0.03087300,0.03018100,0.03039900,172508.47400000
1560643200,1560729599,0.03039900,0.03045300,0.02936300,0.02990100,212717.72600000
1560729600,1560815999,0.02990200,0.02997200,0.02903600,0.02933300,219789.32300000
1560816000,1560902399,0.02933700,0.02949600,0.02881400,0.02914000,246870.17400000
1560902400,1560988799,0.02914400,0.02943400,0.02890400,0.02897700,166155.22600000
1560988800,1561075199,0.02897400,0.02907800,0.02805900,0.02850700,187177.92000000
1561075200,1561161599,0.02850300,0.02985000,0.02850100,0.02896900,338634.94400000
1561161600,1561247999,0.02896800,0.02974900,0.02782100,0.02895600,421688.17100000
1561248000,1561334399,0.02895700,0.02944200,0.02808700,0.02828900,218069.16500000
1561334400,1561420799,0.02828600,0.02862900,0.02798000,0.02819700,171628.39800000
1561420800,1561507199,0.02820100,0.02822600,0.02686600,0.02691900,237456.24100000
1561507200,1561593599,0.02692200,0.02763400,0.02532500,0.02591300,670241.48700000
1561593600,1561679999,0.02592400,0.02734500,0.02564900,0.02634400,517474.15500000
